task_id,epoch,stage,loss,learning_rate,class_name,img_auc,pixel_auc,img_ap,pixel_ap,routing_accuracy
0,0.0,BASE,176888.40416666667,9.984740801978984e-05,,,,,,
0,1.0,BASE,116816.971875,9.939057285945931e-05,,,,,,
0,2.0,BASE,61695.31328125,9.863231105968498e-05,,,,,,
0,3.0,BASE,24866.896223958334,9.75772975566101e-05,,,,,,
0,4.0,BASE,-1540.4512654622397,9.623203685930868e-05,,,,,,
0,5.0,BASE,-18594.462760416667,9.46048229473242e-05,,,,,,
0,6.0,BASE,-30487.884635416667,9.270568813552755e-05,,,,,,
0,7.0,BASE,-39931.29010416667,9.054634122155989e-05,,,,,,
0,8.0,BASE,-47100.929427083334,8.814009529720152e-05,,,,,,
0,9.0,BASE,-52614.1703125,8.550178566873408e-05,,,,,,
0,10.0,BASE,-56884.46380208333,8.264767839234409e-05,,,,,,
0,11.0,BASE,-60772.5296875,7.959536998847741e-05,,,,,,
0,12.0,BASE,-64110.75677083333,7.636367895343945e-05,,,,,,
0,13.0,BASE,-66938.37604166666,7.297252973710755e-05,,,,,,
0,14.0,BASE,-69521.31614583333,6.944282990207194e-05,,,,,,
0,15.0,BASE,-71687.0546875,6.57963412215599e-05,,,,,,
0,16.0,BASE,-73853.046875,6.205554551086731e-05,,,,,,
0,17.0,BASE,-75507.80677083334,5.824350601949142e-05,,,,,,
0,18.0,BASE,-77505.9046875,5.438372523852832e-05,,,,,,
0,19.0,BASE,-78925.59010416667,5.0499999999999994e-05,,,,,,
0,20.0,BASE,-80411.59791666667,4.6616274761471674e-05,,,,,,
0,21.0,BASE,-81759.53489583333,4.275649398050858e-05,,,,,,
0,22.0,BASE,-83122.0234375,3.894445448913268e-05,,,,,,
0,23.0,BASE,-84391.725,3.52036587784401e-05,,,,,,
0,24.0,BASE,-85255.03020833334,3.155717009792805e-05,,,,,,
0,25.0,BASE,-86396.41927083333,2.802747026289243e-05,,,,,,
0,26.0,BASE,-87176.40885416667,2.463632104656053e-05,,,,,,
0,27.0,BASE,-87983.56197916667,2.1404630011522583e-05,,,,,,
0,28.0,BASE,-88630.0328125,1.835232160765591e-05,,,,,,
0,29.0,BASE,-89225.8890625,1.5498214331265897e-05,,,,,,
0,30.0,BASE,-89666.95989583334,1.2859904702798466e-05,,,,,,
0,31.0,BASE,-90108.85625,1.0453658778440104e-05,,,,,,
0,32.0,BASE,-90397.503125,8.294311864472434e-06,,,,,,
0,33.0,BASE,-90722.94322916666,6.395177052675791e-06,,,,,,
0,34.0,BASE,-91050.99895833334,4.767963140691304e-06,,,,,,
0,35.0,BASE,-91116.30833333333,3.4227024433898985e-06,,,,,,
0,36.0,BASE,-91359.2296875,2.3676889403150093e-06,,,,,,
0,37.0,BASE,-91442.90364583333,1.6094271405406855e-06,,,,,,
0,38.0,BASE,-91454.2890625,1.1525919802101657e-06,,,,,,
0,39.0,BASE,-91635.95625,1.0000000000000002e-06,,,,,,
1,0.0,FAST,167400.7080078125,5e-05,,,,,,
1,1.0,FAST,132978.60302734375,0.0001,,,,,,
1,2.0,FAST,89209.361328125,9.984740801978984e-05,,,,,,
1,3.0,FAST,68936.38305664062,9.939057285945931e-05,,,,,,
1,4.0,FAST,57842.5146484375,9.863231105968498e-05,,,,,,
1,5.0,FAST,50516.537109375,9.75772975566101e-05,,,,,,
1,6.0,FAST,44172.31884765625,9.623203685930868e-05,,,,,,
1,7.0,FAST,38441.544189453125,9.46048229473242e-05,,,,,,
1,8.0,FAST,33071.26025390625,9.270568813552755e-05,,,,,,
1,9.0,FAST,28361.087768554688,9.054634122155989e-05,,,,,,
1,10.0,FAST,24422.503173828125,8.814009529720152e-05,,,,,,
1,11.0,FAST,21242.505615234375,8.550178566873408e-05,,,,,,
1,12.0,FAST,18099.904663085938,8.264767839234409e-05,,,,,,
1,13.0,FAST,15208.248779296875,7.959536998847741e-05,,,,,,
1,14.0,FAST,12752.323303222656,7.636367895343945e-05,,,,,,
1,15.0,FAST,10620.871887207031,7.297252973710755e-05,,,,,,
1,16.0,FAST,8519.198669433594,6.944282990207194e-05,,,,,,
1,17.0,FAST,6679.322280883789,6.57963412215599e-05,,,,,,
1,18.0,FAST,4820.5538330078125,6.205554551086731e-05,,,,,,
1,19.0,FAST,3185.189952850342,5.824350601949142e-05,,,,,,
1,20.0,FAST,1824.4374809265137,5.438372523852832e-05,,,,,,
1,21.0,FAST,680.4312553405762,5.0499999999999994e-05,,,,,,
1,22.0,FAST,-430.7225875854492,4.6616274761471674e-05,,,,,,
1,23.0,FAST,-1892.4912548065186,4.275649398050858e-05,,,,,,
1,24.0,FAST,-2472.1141147613525,3.894445448913268e-05,,,,,,
1,25.0,FAST,-3337.1205139160156,3.52036587784401e-05,,,,,,
1,26.0,FAST,-4396.660263061523,3.155717009792805e-05,,,,,,
1,27.0,FAST,-4600.228561401367,2.802747026289243e-05,,,,,,
1,28.0,FAST,-5346.796600341797,2.463632104656053e-05,,,,,,
1,29.0,FAST,-5769.464080810547,2.1404630011522583e-05,,,,,,
1,30.0,FAST,-6313.757110595703,1.835232160765591e-05,,,,,,
1,31.0,FAST,-6648.042388916016,1.5498214331265897e-05,,,,,,
1,32.0,FAST,-7093.986633300781,1.2859904702798466e-05,,,,,,
1,33.0,FAST,-7143.677108764648,1.0453658778440104e-05,,,,,,
1,34.0,FAST,-7622.369964599609,8.294311864472434e-06,,,,,,
1,35.0,FAST,-7658.936706542969,6.395177052675791e-06,,,,,,
1,36.0,FAST,-7836.057022094727,4.767963140691304e-06,,,,,,
1,37.0,FAST,-8069.545349121094,3.4227024433898985e-06,,,,,,
1,38.0,FAST,-8110.953125,2.3676889403150093e-06,,,,,,
1,39.0,FAST,-8363.609924316406,1.6094271405406855e-06,,,,,,
2,0.0,FAST,165729.22716346153,5e-05,,,,,,
2,1.0,FAST,145784.1766826923,0.0001,,,,,,
2,2.0,FAST,107480.08834134616,9.984740801978984e-05,,,,,,
2,3.0,FAST,85637.31129807692,9.939057285945931e-05,,,,,,
2,4.0,FAST,72071.25480769231,9.863231105968498e-05,,,,,,
2,5.0,FAST,62360.985276442305,9.75772975566101e-05,,,,,,
2,6.0,FAST,55570.38671875,9.623203685930868e-05,,,,,,
2,7.0,FAST,49931.14903846154,9.46048229473242e-05,,,,,,
2,8.0,FAST,45300.097355769234,9.270568813552755e-05,,,,,,
2,9.0,FAST,41710.2578125,9.054634122155989e-05,,,,,,
2,10.0,FAST,38592.52554086538,8.814009529720152e-05,,,,,,
2,11.0,FAST,36107.049879807695,8.550178566873408e-05,,,,,,
2,12.0,FAST,33826.815354567305,8.264767839234409e-05,,,,,,
2,13.0,FAST,32007.671875,7.959536998847741e-05,,,,,,
2,14.0,FAST,29995.237530048078,7.636367895343945e-05,,,,,,
2,15.0,FAST,28412.990084134617,7.297252973710755e-05,,,,,,
2,16.0,FAST,26861.76953125,6.944282990207194e-05,,,,,,
2,17.0,FAST,25409.75105168269,6.57963412215599e-05,,,,,,
2,18.0,FAST,24446.79627403846,6.205554551086731e-05,,,,,,
2,19.0,FAST,23366.76111778846,5.824350601949142e-05,,,,,,
2,20.0,FAST,22291.893780048078,5.438372523852832e-05,,,,,,
2,21.0,FAST,21197.094200721152,5.0499999999999994e-05,,,,,,
2,22.0,FAST,20353.835486778848,4.6616274761471674e-05,,,,,,
2,23.0,FAST,19547.76494891827,4.275649398050858e-05,,,,,,
2,24.0,FAST,18776.17442908654,3.894445448913268e-05,,,,,,
2,25.0,FAST,18082.99451622596,3.52036587784401e-05,,,,,,
2,26.0,FAST,17412.33195612981,3.155717009792805e-05,,,,,,
2,27.0,FAST,16861.72528545673,2.802747026289243e-05,,,,,,
2,28.0,FAST,16008.243765024039,2.463632104656053e-05,,,,,,
2,29.0,FAST,15679.795297475961,2.1404630011522583e-05,,,,,,
2,30.0,FAST,15549.775916466346,1.835232160765591e-05,,,,,,
2,31.0,FAST,15240.782001201924,1.5498214331265897e-05,,,,,,
2,32.0,FAST,14918.564603365385,1.2859904702798466e-05,,,,,,
2,33.0,FAST,14733.516075721154,1.0453658778440104e-05,,,,,,
2,34.0,FAST,14548.403545673076,8.294311864472434e-06,,,,,,
2,35.0,FAST,14300.863131009615,6.395177052675791e-06,,,,,,
2,36.0,FAST,14130.965444711539,4.767963140691304e-06,,,,,,
2,37.0,FAST,14047.186072716346,3.4227024433898985e-06,,,,,,
2,38.0,FAST,13980.175330528846,2.3676889403150093e-06,,,,,,
2,39.0,FAST,13997.29266826923,1.6094271405406855e-06,,,,,,
3,0.0,FAST,152913.17647058822,5e-05,,,,,,
3,1.0,FAST,113820.81020220589,0.0001,,,,,,
3,2.0,FAST,53807.777803308825,9.984740801978984e-05,,,,,,
3,3.0,FAST,26422.563878676472,9.939057285945931e-05,,,,,,
3,4.0,FAST,11611.01189108456,9.863231105968498e-05,,,,,,
3,5.0,FAST,2901.448622759651,9.75772975566101e-05,,,,,,
3,6.0,FAST,-3569.7234209846047,9.623203685930868e-05,,,,,,
3,7.0,FAST,-8231.665412454044,9.46048229473242e-05,,,,,,
3,8.0,FAST,-12153.767233455883,9.270568813552755e-05,,,,,,
3,9.0,FAST,-16100.103975183823,9.054634122155989e-05,,,,,,
3,10.0,FAST,-19926.958409926472,8.814009529720152e-05,,,,,,
3,11.0,FAST,-22912.691521139706,8.550178566873408e-05,,,,,,
3,12.0,FAST,-25085.211626838234,8.264767839234409e-05,,,,,,
3,13.0,FAST,-26417.005744485294,7.959536998847741e-05,,,,,,
3,14.0,FAST,-28018.109604779413,7.636367895343945e-05,,,,,,
3,15.0,FAST,-29738.26011029412,7.297252973710755e-05,,,,,,
3,16.0,FAST,-31162.86167279412,6.944282990207194e-05,,,,,,
3,17.0,FAST,-32462.023207720587,6.57963412215599e-05,,,,,,
3,18.0,FAST,-33740.14326746324,6.205554551086731e-05,,,,,,
3,19.0,FAST,-34869.09535845588,5.824350601949142e-05,,,,,,
3,20.0,FAST,-35979.24276194853,5.438372523852832e-05,,,,,,
3,21.0,FAST,-36957.529181985294,5.0499999999999994e-05,,,,,,
3,22.0,FAST,-37787.604319852944,4.6616274761471674e-05,,,,,,
3,23.0,FAST,-38941.857421875,4.275649398050858e-05,,,,,,
3,24.0,FAST,-39482.60133272059,3.894445448913268e-05,,,,,,
3,25.0,FAST,-40128.328125,3.52036587784401e-05,,,,,,
3,26.0,FAST,-40891.796415441175,3.155717009792805e-05,,,,,,
3,27.0,FAST,-41394.45726102941,2.802747026289243e-05,,,,,,
3,28.0,FAST,-41650.36006433824,2.463632104656053e-05,,,,,,
3,29.0,FAST,-42039.43382352941,2.1404630011522583e-05,,,,,,
3,30.0,FAST,-42688.18497242647,1.835232160765591e-05,,,,,,
3,31.0,FAST,-42976.795036764706,1.5498214331265897e-05,,,,,,
3,32.0,FAST,-43097.972196691175,1.2859904702798466e-05,,,,,,
3,33.0,FAST,-43450.68727022059,1.0453658778440104e-05,,,,,,
3,34.0,FAST,-43533.287913602944,8.294311864472434e-06,,,,,,
3,35.0,FAST,-43686.90464154412,6.395177052675791e-06,,,,,,
3,36.0,FAST,-44167.934742647056,4.767963140691304e-06,,,,,,
3,37.0,FAST,-44210.71185661765,3.4227024433898985e-06,,,,,,
3,38.0,FAST,-44111.6953125,2.3676889403150093e-06,,,,,,
3,39.0,FAST,-44106.318244485294,1.6094271405406855e-06,,,,,,
4,0.0,FAST,159316.77291666667,5e-05,,,,,,
4,1.0,FAST,132864.75104166666,0.0001,,,,,,
4,2.0,FAST,87870.56041666666,9.984740801978984e-05,,,,,,
4,3.0,FAST,61080.72473958333,9.939057285945931e-05,,,,,,
4,4.0,FAST,40587.90611979167,9.863231105968498e-05,,,,,,
4,5.0,FAST,26628.453645833335,9.75772975566101e-05,,,,,,
4,6.0,FAST,17262.676822916666,9.623203685930868e-05,,,,,,
4,7.0,FAST,9887.435286458332,9.46048229473242e-05,,,,,,
4,8.0,FAST,3963.255419921875,9.270568813552755e-05,,,,,,
4,9.0,FAST,-613.2392049153646,9.054634122155989e-05,,,,,,
4,10.0,FAST,-4618.768904622396,8.814009529720152e-05,,,,,,
4,11.0,FAST,-7900.561490885417,8.550178566873408e-05,,,,,,
4,12.0,FAST,-10456.167057291666,8.264767839234409e-05,,,,,,
4,13.0,FAST,-12757.108333333334,7.959536998847741e-05,,,,,,
4,14.0,FAST,-14947.461458333333,7.636367895343945e-05,,,,,,
4,15.0,FAST,-16955.339973958333,7.297252973710755e-05,,,,,,
4,16.0,FAST,-18762.321875,6.944282990207194e-05,,,,,,
4,17.0,FAST,-20449.6205078125,6.57963412215599e-05,,,,,,
4,18.0,FAST,-22106.285416666666,6.205554551086731e-05,,,,,,
4,19.0,FAST,-23578.586067708333,5.824350601949142e-05,,,,,,
4,20.0,FAST,-24902.058723958333,5.438372523852832e-05,,,,,,
4,21.0,FAST,-26025.731770833332,5.0499999999999994e-05,,,,,,
4,22.0,FAST,-27074.509895833333,4.6616274761471674e-05,,,,,,
4,23.0,FAST,-28110.617447916666,4.275649398050858e-05,,,,,,
4,24.0,FAST,-29041.019661458333,3.894445448913268e-05,,,,,,
4,25.0,FAST,-29838.5859375,3.52036587784401e-05,,,,,,
4,26.0,FAST,-30552.888802083333,3.155717009792805e-05,,,,,,
4,27.0,FAST,-31217.225,2.802747026289243e-05,,,,,,
4,28.0,FAST,-31765.504427083335,2.463632104656053e-05,,,,,,
4,29.0,FAST,-32265.81796875,2.1404630011522583e-05,,,,,,
4,30.0,FAST,-32715.028125,1.835232160765591e-05,,,,,,
4,31.0,FAST,-33114.93125,1.5498214331265897e-05,,,,,,
4,32.0,FAST,-33469.5390625,1.2859904702798466e-05,,,,,,
4,33.0,FAST,-33774.630208333336,1.0453658778440104e-05,,,,,,
4,34.0,FAST,-34032.795703125,8.294311864472434e-06,,,,,,
4,35.0,FAST,-34230.048177083336,6.395177052675791e-06,,,,,,
4,36.0,FAST,-34385.908203125,4.767963140691304e-06,,,,,,
4,37.0,FAST,-34528.43151041667,3.4227024433898985e-06,,,,,,
4,38.0,FAST,-34634.98190104167,2.3676889403150093e-06,,,,,,
4,39.0,FAST,-34708.261979166666,1.6094271405406855e-06,,,,,,
5,0.0,FAST,163370.3828125,5e-05,,,,,,
5,1.0,FAST,109436.21028645833,0.0001,,,,,,
5,2.0,FAST,59670.80908203125,9.984740801978984e-05,,,,,,
5,3.0,FAST,37574.088216145836,9.939057285945931e-05,,,,,,
5,4.0,FAST,27979.668619791668,9.863231105968498e-05,,,,,,
5,5.0,FAST,21564.543050130207,9.75772975566101e-05,,,,,,
5,6.0,FAST,16389.818522135418,9.623203685930868e-05,,,,,,
5,7.0,FAST,12044.895874023438,9.46048229473242e-05,,,,,,
5,8.0,FAST,8169.39089457194,9.270568813552755e-05,,,,,,
5,9.0,FAST,5503.535840352376,9.054634122155989e-05,,,,,,
5,10.0,FAST,2944.4560038248696,8.814009529720152e-05,,,,,,
5,11.0,FAST,249.36490885416666,8.550178566873408e-05,,,,,,
5,12.0,FAST,-1964.733662923177,8.264767839234409e-05,,,,,,
5,13.0,FAST,-4342.772842407227,7.959536998847741e-05,,,,,,
5,14.0,FAST,-6115.8020426432295,7.636367895343945e-05,,,,,,
5,15.0,FAST,-7762.569574991862,7.297252973710755e-05,,,,,,
5,16.0,FAST,-9627.107671101889,6.944282990207194e-05,,,,,,
5,17.0,FAST,-11194.204182942709,6.57963412215599e-05,,,,,,
5,18.0,FAST,-12727.184163411459,6.205554551086731e-05,,,,,,
5,19.0,FAST,-14163.819946289062,5.824350601949142e-05,,,,,,
5,20.0,FAST,-15302.451904296875,5.438372523852832e-05,,,,,,
5,21.0,FAST,-16543.341756184895,5.0499999999999994e-05,,,,,,
5,22.0,FAST,-17253.6489461263,4.6616274761471674e-05,,,,,,
5,23.0,FAST,-18283.783732096355,4.275649398050858e-05,,,,,,
5,24.0,FAST,-19027.702514648438,3.894445448913268e-05,,,,,,
5,25.0,FAST,-19559.981486002605,3.52036587784401e-05,,,,,,
5,26.0,FAST,-20487.421346028645,3.155717009792805e-05,,,,,,
5,27.0,FAST,-21080.558919270832,2.802747026289243e-05,,,,,,
5,28.0,FAST,-21601.870239257812,2.463632104656053e-05,,,,,,
5,29.0,FAST,-22157.133056640625,2.1404630011522583e-05,,,,,,
5,30.0,FAST,-22468.683512369793,1.835232160765591e-05,,,,,,
5,31.0,FAST,-22839.981079101562,1.5498214331265897e-05,,,,,,
5,32.0,FAST,-23165.929036458332,1.2859904702798466e-05,,,,,,
5,33.0,FAST,-23498.548095703125,1.0453658778440104e-05,,,,,,
5,34.0,FAST,-23722.202026367188,8.294311864472434e-06,,,,,,
5,35.0,FAST,-24050.386555989582,6.395177052675791e-06,,,,,,
5,36.0,FAST,-24053.736083984375,4.767963140691304e-06,,,,,,
5,37.0,FAST,-24257.357259114582,3.4227024433898985e-06,,,,,,
5,38.0,FAST,-24266.758463541668,2.3676889403150093e-06,,,,,,
5,39.0,FAST,-24469.666829427082,1.6094271405406855e-06,,,,,,
6,0.0,FAST,164563.15625,5e-05,,,,,,
6,1.0,FAST,162867.125,0.0001,,,,,,
6,2.0,FAST,158599.296875,9.984740801978984e-05,,,,,,
6,3.0,FAST,153122.53125,9.939057285945931e-05,,,,,,
6,4.0,FAST,146414.8125,9.863231105968498e-05,,,,,,
6,5.0,FAST,137886.48958333334,9.75772975566101e-05,,,,,,
6,6.0,FAST,128625.00520833333,9.623203685930868e-05,,,,,,
6,7.0,FAST,118152.51041666667,9.46048229473242e-05,,,,,,
6,8.0,FAST,107794.14322916667,9.270568813552755e-05,,,,,,
6,9.0,FAST,98928.61979166667,9.054634122155989e-05,,,,,,
6,10.0,FAST,91539.13802083333,8.814009529720152e-05,,,,,,
6,11.0,FAST,84411.84895833333,8.550178566873408e-05,,,,,,
6,12.0,FAST,79372.5078125,8.264767839234409e-05,,,,,,
6,13.0,FAST,74199.79427083333,7.959536998847741e-05,,,,,,
6,14.0,FAST,68055.40104166667,7.636367895343945e-05,,,,,,
6,15.0,FAST,63831.265625,7.297252973710755e-05,,,,,,
6,16.0,FAST,59628.555989583336,6.944282990207194e-05,,,,,,
6,17.0,FAST,56875.665364583336,6.57963412215599e-05,,,,,,
6,18.0,FAST,52973.072916666664,6.205554551086731e-05,,,,,,
6,19.0,FAST,50417.979166666664,5.824350601949142e-05,,,,,,
6,20.0,FAST,46955.002604166664,5.438372523852832e-05,,,,,,
6,21.0,FAST,44958.528645833336,5.0499999999999994e-05,,,,,,
6,22.0,FAST,42238.470052083336,4.6616274761471674e-05,,,,,,
6,23.0,FAST,39241.151041666664,4.275649398050858e-05,,,,,,
6,24.0,FAST,37895.046875,3.894445448913268e-05,,,,,,
6,25.0,FAST,37476.149739583336,3.52036587784401e-05,,,,,,
6,26.0,FAST,36863.1796875,3.155717009792805e-05,,,,,,
6,27.0,FAST,33863.002604166664,2.802747026289243e-05,,,,,,
6,28.0,FAST,33583.080078125,2.463632104656053e-05,,,,,,
6,29.0,FAST,32015.947916666668,2.1404630011522583e-05,,,,,,
6,30.0,FAST,30850.1640625,1.835232160765591e-05,,,,,,
6,31.0,FAST,31271.569010416668,1.5498214331265897e-05,,,,,,
6,32.0,FAST,29775.3046875,1.2859904702798466e-05,,,,,,
6,33.0,FAST,30357.801432291668,1.0453658778440104e-05,,,,,,
6,34.0,FAST,29834.307291666668,8.294311864472434e-06,,,,,,
6,35.0,FAST,29793.430989583332,6.395177052675791e-06,,,,,,
6,36.0,FAST,29082.606770833332,4.767963140691304e-06,,,,,,
6,37.0,FAST,29895.823567708332,3.4227024433898985e-06,,,,,,
6,38.0,FAST,29063.759765625,2.3676889403150093e-06,,,,,,
6,39.0,FAST,28169.015625,1.6094271405406855e-06,,,,,,
7,0.0,FAST,155772.38461538462,5e-05,,,,,,
7,1.0,FAST,137021.9092548077,0.0001,,,,,,
7,2.0,FAST,97452.99819711539,9.984740801978984e-05,,,,,,
7,3.0,FAST,71746.68930288461,9.939057285945931e-05,,,,,,
7,4.0,FAST,53512.911658653844,9.863231105968498e-05,,,,,,
7,5.0,FAST,42015.74789663462,9.75772975566101e-05,,,,,,
7,6.0,FAST,35366.620793269234,9.623203685930868e-05,,,,,,
7,7.0,FAST,30671.27058293269,9.46048229473242e-05,,,,,,
7,8.0,FAST,27514.36388221154,9.270568813552755e-05,,,,,,
7,9.0,FAST,24725.176532451922,9.054634122155989e-05,,,,,,
7,10.0,FAST,22018.66796875,8.814009529720152e-05,,,,,,
7,11.0,FAST,19856.54987980769,8.550178566873408e-05,,,,,,
7,12.0,FAST,17549.865084134617,8.264767839234409e-05,,,,,,
7,13.0,FAST,15615.498046875,7.959536998847741e-05,,,,,,
7,14.0,FAST,13346.1826171875,7.636367895343945e-05,,,,,,
7,15.0,FAST,11156.782977764424,7.297252973710755e-05,,,,,,
7,16.0,FAST,8883.511380709135,6.944282990207194e-05,,,,,,
7,17.0,FAST,7176.348163311298,6.57963412215599e-05,,,,,,
7,18.0,FAST,5571.882314828726,6.205554551086731e-05,,,,,,
7,19.0,FAST,4167.541860727163,5.824350601949142e-05,,,,,,
7,20.0,FAST,2862.6189622145434,5.438372523852832e-05,,,,,,
7,21.0,FAST,1884.250244140625,5.0499999999999994e-05,,,,,,
7,22.0,FAST,1016.2068974421575,4.6616274761471674e-05,,,,,,
7,23.0,FAST,70.27120267427884,4.275649398050858e-05,,,,,,
7,24.0,FAST,-865.4080059344952,3.894445448913268e-05,,,,,,
7,25.0,FAST,-1461.591796875,3.52036587784401e-05,,,,,,
7,26.0,FAST,-2302.2113177959736,3.155717009792805e-05,,,,,,
7,27.0,FAST,-2797.8763615534854,2.802747026289243e-05,,,,,,
7,28.0,FAST,-3148.616473858173,2.463632104656053e-05,,,,,,
7,29.0,FAST,-3539.2194073016826,2.1404630011522583e-05,,,,,,
7,30.0,FAST,-4105.202524038462,1.835232160765591e-05,,,,,,
7,31.0,FAST,-4634.991952749399,1.5498214331265897e-05,,,,,,
7,32.0,FAST,-4870.615440955529,1.2859904702798466e-05,,,,,,
7,33.0,FAST,-5118.383338341346,1.0453658778440104e-05,,,,,,
7,34.0,FAST,-5518.025653545673,8.294311864472434e-06,,,,,,
7,35.0,FAST,-5817.0993088942305,6.395177052675791e-06,,,,,,
7,36.0,FAST,-5657.147198016827,4.767963140691304e-06,,,,,,
7,37.0,FAST,-5684.29629281851,3.4227024433898985e-06,,,,,,
7,38.0,FAST,-5640.807157076322,2.3676889403150093e-06,,,,,,
7,39.0,FAST,-6038.743915264423,1.6094271405406855e-06,,,,,,
8,0.0,FAST,153226.91484375,5e-05,,,,,,
8,1.0,FAST,109580.315234375,0.0001,,,,,,
8,2.0,FAST,57472.8443359375,9.984740801978984e-05,,,,,,
8,3.0,FAST,27051.44921875,9.939057285945931e-05,,,,,,
8,4.0,FAST,13485.949853515625,9.863231105968498e-05,,,,,,
8,5.0,FAST,7398.962121582032,9.75772975566101e-05,,,,,,
8,6.0,FAST,2869.8081237792967,9.623203685930868e-05,,,,,,
8,7.0,FAST,-1346.248501586914,9.46048229473242e-05,,,,,,
8,8.0,FAST,-5662.211437988281,9.270568813552755e-05,,,,,,
8,9.0,FAST,-9672.679809570312,9.054634122155989e-05,,,,,,
8,10.0,FAST,-13214.382861328126,8.814009529720152e-05,,,,,,
8,11.0,FAST,-16529.72568359375,8.550178566873408e-05,,,,,,
8,12.0,FAST,-19782.365966796875,8.264767839234409e-05,,,,,,
8,13.0,FAST,-22571.168359375,7.959536998847741e-05,,,,,,
8,14.0,FAST,-24756.2978515625,7.636367895343945e-05,,,,,,
8,15.0,FAST,-26662.72822265625,7.297252973710755e-05,,,,,,
8,16.0,FAST,-28415.265234375,6.944282990207194e-05,,,,,,
8,17.0,FAST,-30142.57275390625,6.57963412215599e-05,,,,,,
8,18.0,FAST,-31718.003515625,6.205554551086731e-05,,,,,,
8,19.0,FAST,-33094.64794921875,5.824350601949142e-05,,,,,,
8,20.0,FAST,-34203.10771484375,5.438372523852832e-05,,,,,,
8,21.0,FAST,-35253.48154296875,5.0499999999999994e-05,,,,,,
8,22.0,FAST,-36132.4064453125,4.6616274761471674e-05,,,,,,
8,23.0,FAST,-36946.614453125,4.275649398050858e-05,,,,,,
8,24.0,FAST,-37871.74140625,3.894445448913268e-05,,,,,,
8,25.0,FAST,-38696.2685546875,3.52036587784401e-05,,,,,,
8,26.0,FAST,-39429.0390625,3.155717009792805e-05,,,,,,
8,27.0,FAST,-40092.577734375,2.802747026289243e-05,,,,,,
8,28.0,FAST,-40664.283984375,2.463632104656053e-05,,,,,,
8,29.0,FAST,-41166.9912109375,2.1404630011522583e-05,,,,,,
8,30.0,FAST,-41612.2037109375,1.835232160765591e-05,,,,,,
8,31.0,FAST,-42011.9421875,1.5498214331265897e-05,,,,,,
8,32.0,FAST,-42363.653125,1.2859904702798466e-05,,,,,,
8,33.0,FAST,-42655.86953125,1.0453658778440104e-05,,,,,,
8,34.0,FAST,-42889.676953125,8.294311864472434e-06,,,,,,
8,35.0,FAST,-43114.3615234375,6.395177052675791e-06,,,,,,
8,36.0,FAST,-43273.3431640625,4.767963140691304e-06,,,,,,
8,37.0,FAST,-43400.2021484375,3.4227024433898985e-06,,,,,,
8,38.0,FAST,-43504.9365234375,2.3676889403150093e-06,,,,,,
8,39.0,FAST,-43584.3111328125,1.6094271405406855e-06,,,,,,
9,0.0,FAST,147187.60208333333,5e-05,,,,,,
9,1.0,FAST,122426.00885416666,0.0001,,,,,,
9,2.0,FAST,75021.83255208333,9.984740801978984e-05,,,,,,
9,3.0,FAST,54543.75052083333,9.939057285945931e-05,,,,,,
9,4.0,FAST,43301.17916666667,9.863231105968498e-05,,,,,,
9,5.0,FAST,37134.134375,9.75772975566101e-05,,,,,,
9,6.0,FAST,32945.604166666664,9.623203685930868e-05,,,,,,
9,7.0,FAST,29485.26796875,9.46048229473242e-05,,,,,,
9,8.0,FAST,26406.181380208334,9.270568813552755e-05,,,,,,
9,9.0,FAST,23453.744791666668,9.054634122155989e-05,,,,,,
9,10.0,FAST,20692.667317708332,8.814009529720152e-05,,,,,,
9,11.0,FAST,18688.3697265625,8.550178566873408e-05,,,,,,
9,12.0,FAST,16357.81640625,8.264767839234409e-05,,,,,,
9,13.0,FAST,14523.670377604167,7.959536998847741e-05,,,,,,
9,14.0,FAST,12488.807942708334,7.636367895343945e-05,,,,,,
9,15.0,FAST,11052.343294270833,7.297252973710755e-05,,,,,,
9,16.0,FAST,9602.750390625,6.944282990207194e-05,,,,,,
9,17.0,FAST,8516.924837239583,6.57963412215599e-05,,,,,,
9,18.0,FAST,7141.706868489583,6.205554551086731e-05,,,,,,
9,19.0,FAST,6004.985074869792,5.824350601949142e-05,,,,,,
9,20.0,FAST,5023.853352864583,5.438372523852832e-05,,,,,,
9,21.0,FAST,3969.5642659505206,5.0499999999999994e-05,,,,,,
9,22.0,FAST,3302.1041341145833,4.6616274761471674e-05,,,,,,
9,23.0,FAST,2399.59892578125,4.275649398050858e-05,,,,,,
9,24.0,FAST,1577.670048014323,3.894445448913268e-05,,,,,,
9,25.0,FAST,1090.516337076823,3.52036587784401e-05,,,,,,
9,26.0,FAST,411.6338175455729,3.155717009792805e-05,,,,,,
9,27.0,FAST,-223.726513671875,2.802747026289243e-05,,,,,,
9,28.0,FAST,-479.7799845377604,2.463632104656053e-05,,,,,,
9,29.0,FAST,-1011.7783142089844,2.1404630011522583e-05,,,,,,
9,30.0,FAST,-1430.8261881510416,1.835232160765591e-05,,,,,,
9,31.0,FAST,-1605.9624267578124,1.5498214331265897e-05,,,,,,
9,32.0,FAST,-1707.0748372395833,1.2859904702798466e-05,,,,,,
9,33.0,FAST,-2155.776814778646,1.0453658778440104e-05,,,,,,
9,34.0,FAST,-2209.4768595377604,8.294311864472434e-06,,,,,,
9,35.0,FAST,-2396.89619140625,6.395177052675791e-06,,,,,,
9,36.0,FAST,-2526.3393717447916,4.767963140691304e-06,,,,,,
9,37.0,FAST,-2558.103625488281,3.4227024433898985e-06,,,,,,
9,38.0,FAST,-2736.6127766927084,2.3676889403150093e-06,,,,,,
9,39.0,FAST,-2684.0273640950522,1.6094271405406855e-06,,,,,,
10,0.0,FAST,147315.97544642858,5e-05,,,,,,
10,1.0,FAST,123102.05636160714,0.0001,,,,,,
10,2.0,FAST,72792.44893973214,9.984740801978984e-05,,,,,,
10,3.0,FAST,48085.847935267855,9.939057285945931e-05,,,,,,
10,4.0,FAST,35431.267578125,9.863231105968498e-05,,,,,,
10,5.0,FAST,27936.00460379464,9.75772975566101e-05,,,,,,
10,6.0,FAST,23419.009905133928,9.623203685930868e-05,,,,,,
10,7.0,FAST,20332.736188616072,9.46048229473242e-05,,,,,,
10,8.0,FAST,17349.5693359375,9.270568813552755e-05,,,,,,
10,9.0,FAST,14972.662667410714,9.054634122155989e-05,,,,,,
10,10.0,FAST,12475.773646763393,8.814009529720152e-05,,,,,,
10,11.0,FAST,10032.989292689732,8.550178566873408e-05,,,,,,
10,12.0,FAST,7864.236397879465,8.264767839234409e-05,,,,,,
10,13.0,FAST,5961.370396205357,7.959536998847741e-05,,,,,,
10,14.0,FAST,4228.27751813616,7.636367895343945e-05,,,,,,
10,15.0,FAST,2641.4252493722097,7.297252973710755e-05,,,,,,
10,16.0,FAST,1251.4240777151924,6.944282990207194e-05,,,,,,
10,17.0,FAST,-35.89899444580078,6.57963412215599e-05,,,,,,
10,18.0,FAST,-1229.3995928083148,6.205554551086731e-05,,,,,,
10,19.0,FAST,-2281.987790788923,5.824350601949142e-05,,,,,,
10,20.0,FAST,-3245.023463657924,5.438372523852832e-05,,,,,,
10,21.0,FAST,-4162.268615722656,5.0499999999999994e-05,,,,,,
10,22.0,FAST,-4997.782470703125,4.6616274761471674e-05,,,,,,
10,23.0,FAST,-5722.32146344866,4.275649398050858e-05,,,,,,
10,24.0,FAST,-6443.214913504465,3.894445448913268e-05,,,,,,
10,25.0,FAST,-7054.27277483259,3.52036587784401e-05,,,,,,
10,26.0,FAST,-7794.024832589285,3.155717009792805e-05,,,,,,
10,27.0,FAST,-8206.956438337054,2.802747026289243e-05,,,,,,
10,28.0,FAST,-8559.840576171875,2.463632104656053e-05,,,,,,
10,29.0,FAST,-9055.800502232143,2.1404630011522583e-05,,,,,,
10,30.0,FAST,-9303.401960100446,1.835232160765591e-05,,,,,,
10,31.0,FAST,-9674.516671316964,1.5498214331265897e-05,,,,,,
10,32.0,FAST,-9834.193464006696,1.2859904702798466e-05,,,,,,
10,33.0,FAST,-10025.251255580357,1.0453658778440104e-05,,,,,,
10,34.0,FAST,-10312.768798828125,8.294311864472434e-06,,,,,,
10,35.0,FAST,-10281.563581194196,6.395177052675791e-06,,,,,,
10,36.0,FAST,-10534.747279575893,4.767963140691304e-06,,,,,,
10,37.0,FAST,-10683.04185267857,3.4227024433898985e-06,,,,,,
10,38.0,FAST,-10664.854666573661,2.3676889403150093e-06,,,,,,
10,39.0,FAST,-10767.050327845982,1.6094271405406855e-06,,,,,,
11,0.0,FAST,160594.62139423078,5e-05,,,,,,
11,1.0,FAST,139704.6953125,0.0001,,,,,,
11,2.0,FAST,99143.01442307692,9.984740801978984e-05,,,,,,
11,3.0,FAST,71060.0703125,9.939057285945931e-05,,,,,,
11,4.0,FAST,50284.32932692308,9.863231105968498e-05,,,,,,
11,5.0,FAST,35057.405799278844,9.75772975566101e-05,,,,,,
11,6.0,FAST,24739.160006009617,9.623203685930868e-05,,,,,,
11,7.0,FAST,17592.735802283652,9.46048229473242e-05,,,,,,
11,8.0,FAST,12815.524338942309,9.270568813552755e-05,,,,,,
11,9.0,FAST,9066.691331129809,9.054634122155989e-05,,,,,,
11,10.0,FAST,6127.1366624098555,8.814009529720152e-05,,,,,,
11,11.0,FAST,2670.0119347205527,8.550178566873408e-05,,,,,,
11,12.0,FAST,-166.68653282752405,8.264767839234409e-05,,,,,,
11,13.0,FAST,-3077.6358173076924,7.959536998847741e-05,,,,,,
11,14.0,FAST,-5486.111083984375,7.636367895343945e-05,,,,,,
11,15.0,FAST,-7637.249126727765,7.297252973710755e-05,,,,,,
11,16.0,FAST,-9540.520883413461,6.944282990207194e-05,,,,,,
11,17.0,FAST,-11301.487567608174,6.57963412215599e-05,,,,,,
11,18.0,FAST,-12885.732647235576,6.205554551086731e-05,,,,,,
11,19.0,FAST,-14279.702749399039,5.824350601949142e-05,,,,,,
11,20.0,FAST,-15784.490685096154,5.438372523852832e-05,,,,,,
11,21.0,FAST,-16969.357872596152,5.0499999999999994e-05,,,,,,
11,22.0,FAST,-17822.057391826922,4.6616274761471674e-05,,,,,,
11,23.0,FAST,-19018.22370793269,4.275649398050858e-05,,,,,,
11,24.0,FAST,-20167.55994591346,3.894445448913268e-05,,,,,,
11,25.0,FAST,-21106.640850360578,3.52036587784401e-05,,,,,,
11,26.0,FAST,-22030.83849158654,3.155717009792805e-05,,,,,,
11,27.0,FAST,-22911.560997596152,2.802747026289243e-05,,,,,,
11,28.0,FAST,-23667.565204326922,2.463632104656053e-05,,,,,,
11,29.0,FAST,-24313.85291466346,2.1404630011522583e-05,,,,,,
11,30.0,FAST,-25006.51667668269,1.835232160765591e-05,,,,,,
11,31.0,FAST,-25148.314302884617,1.5498214331265897e-05,,,,,,
11,32.0,FAST,-25842.769381009617,1.2859904702798466e-05,,,,,,
11,33.0,FAST,-26151.377403846152,1.0453658778440104e-05,,,,,,
11,34.0,FAST,-26185.676983173078,8.294311864472434e-06,,,,,,
11,35.0,FAST,-26517.98302283654,6.395177052675791e-06,,,,,,
11,36.0,FAST,-26356.83533653846,4.767963140691304e-06,,,,,,
11,37.0,FAST,-26773.898888221152,3.4227024433898985e-06,,,,,,
11,38.0,FAST,-27091.356670673078,2.3676889403150093e-06,,,,,,
11,39.0,FAST,-27053.630108173078,1.6094271405406855e-06,,,,,,
12,0.0,FAST,161314.4990234375,5e-05,,,,,,
12,1.0,FAST,133869.49560546875,0.0001,,,,,,
12,2.0,FAST,86580.31640625,9.984740801978984e-05,,,,,,
12,3.0,FAST,58631.4814453125,9.939057285945931e-05,,,,,,
12,4.0,FAST,40069.3759765625,9.863231105968498e-05,,,,,,
12,5.0,FAST,30192.09033203125,9.75772975566101e-05,,,,,,
12,6.0,FAST,24407.172729492188,9.623203685930868e-05,,,,,,
12,7.0,FAST,19914.651123046875,9.46048229473242e-05,,,,,,
12,8.0,FAST,16714.597106933594,9.270568813552755e-05,,,,,,
12,9.0,FAST,13874.478454589844,9.054634122155989e-05,,,,,,
12,10.0,FAST,11120.242736816406,8.814009529720152e-05,,,,,,
12,11.0,FAST,8948.635498046875,8.550178566873408e-05,,,,,,
12,12.0,FAST,6285.445766448975,8.264767839234409e-05,,,,,,
12,13.0,FAST,3939.3761463165283,7.959536998847741e-05,,,,,,
12,14.0,FAST,2450.9583740234375,7.636367895343945e-05,,,,,,
12,15.0,FAST,991.3244209289551,7.297252973710755e-05,,,,,,
12,16.0,FAST,-550.520227432251,6.944282990207194e-05,,,,,,
12,17.0,FAST,-1533.928695678711,6.57963412215599e-05,,,,,,
12,18.0,FAST,-2761.78409576416,6.205554551086731e-05,,,,,,
12,19.0,FAST,-4127.527856826782,5.824350601949142e-05,,,,,,
12,20.0,FAST,-5554.671283721924,5.438372523852832e-05,,,,,,
12,21.0,FAST,-6766.846061706543,5.0499999999999994e-05,,,,,,
12,22.0,FAST,-7815.168319702148,4.6616274761471674e-05,,,,,,
12,23.0,FAST,-8855.306549072266,4.275649398050858e-05,,,,,,
12,24.0,FAST,-10162.257720947266,3.894445448913268e-05,,,,,,
12,25.0,FAST,-11163.041900634766,3.52036587784401e-05,,,,,,
12,26.0,FAST,-11852.776947021484,3.155717009792805e-05,,,,,,
12,27.0,FAST,-12502.169799804688,2.802747026289243e-05,,,,,,
12,28.0,FAST,-13165.46029663086,2.463632104656053e-05,,,,,,
12,29.0,FAST,-13622.394104003906,2.1404630011522583e-05,,,,,,
12,30.0,FAST,-13892.590148925781,1.835232160765591e-05,,,,,,
12,31.0,FAST,-14625.189086914062,1.5498214331265897e-05,,,,,,
12,32.0,FAST,-15082.61279296875,1.2859904702798466e-05,,,,,,
12,33.0,FAST,-15350.855285644531,1.0453658778440104e-05,,,,,,
12,34.0,FAST,-15489.152954101562,8.294311864472434e-06,,,,,,
12,35.0,FAST,-15607.944946289062,6.395177052675791e-06,,,,,,
12,36.0,FAST,-16110.509826660156,4.767963140691304e-06,,,,,,
12,37.0,FAST,-16108.491027832031,3.4227024433898985e-06,,,,,,
12,38.0,FAST,-16222.841430664062,2.3676889403150093e-06,,,,,,
12,39.0,FAST,-16163.460754394531,1.6094271405406855e-06,,,,,,
13,0.0,FAST,153345.6529017857,5e-05,,,,,,
13,1.0,FAST,133745.20982142858,0.0001,,,,,,
13,2.0,FAST,95331.20145089286,9.984740801978984e-05,,,,,,
13,3.0,FAST,74981.79743303571,9.939057285945931e-05,,,,,,
13,4.0,FAST,63389.57170758928,9.863231105968498e-05,,,,,,
13,5.0,FAST,55555.19140625,9.75772975566101e-05,,,,,,
13,6.0,FAST,49414.3984375,9.623203685930868e-05,,,,,,
13,7.0,FAST,44789.56724330357,9.46048229473242e-05,,,,,,
13,8.0,FAST,41205.14732142857,9.270568813552755e-05,,,,,,
13,9.0,FAST,37910.00083705357,9.054634122155989e-05,,,,,,
13,10.0,FAST,35129.064174107145,8.814009529720152e-05,,,,,,
13,11.0,FAST,32546.69698660714,8.550178566873408e-05,,,,,,
13,12.0,FAST,30332.614118303572,8.264767839234409e-05,,,,,,
13,13.0,FAST,28559.599609375,7.959536998847741e-05,,,,,,
13,14.0,FAST,26955.171875,7.636367895343945e-05,,,,,,
13,15.0,FAST,25591.807756696428,7.297252973710755e-05,,,,,,
13,16.0,FAST,24271.20926339286,6.944282990207194e-05,,,,,,
13,17.0,FAST,23104.22293526786,6.57963412215599e-05,,,,,,
13,18.0,FAST,21963.748465401786,6.205554551086731e-05,,,,,,
13,19.0,FAST,20911.23563058036,5.824350601949142e-05,,,,,,
13,20.0,FAST,19930.2109375,5.438372523852832e-05,,,,,,
13,21.0,FAST,19017.50167410714,5.0499999999999994e-05,,,,,,
13,22.0,FAST,18163.14083426339,4.6616274761471674e-05,,,,,,
13,23.0,FAST,17385.756975446428,4.275649398050858e-05,,,,,,
13,24.0,FAST,16680.302734375,3.894445448913268e-05,,,,,,
13,25.0,FAST,16021.059779575893,3.52036587784401e-05,,,,,,
13,26.0,FAST,15451.99916294643,3.155717009792805e-05,,,,,,
13,27.0,FAST,14937.74281529018,2.802747026289243e-05,,,,,,
13,28.0,FAST,14472.670131138393,2.463632104656053e-05,,,,,,
13,29.0,FAST,14089.25913783482,2.1404630011522583e-05,,,,,,
13,30.0,FAST,13752.777622767857,1.835232160765591e-05,,,,,,
13,31.0,FAST,13446.085379464286,1.5498214331265897e-05,,,,,,
13,32.0,FAST,13190.549107142857,1.2859904702798466e-05,,,,,,
13,33.0,FAST,12981.46595982143,1.0453658778440104e-05,,,,,,
13,34.0,FAST,12789.83203125,8.294311864472434e-06,,,,,,
13,35.0,FAST,12640.514439174107,6.395177052675791e-06,,,,,,
13,36.0,FAST,12520.734793526786,4.767963140691304e-06,,,,,,
13,37.0,FAST,12433.26332310268,3.4227024433898985e-06,,,,,,
13,38.0,FAST,12362.41294642857,2.3676889403150093e-06,,,,,,
13,39.0,FAST,12310.22349330357,1.6094271405406855e-06,,,,,,
14,0.0,FAST,155967.57932692306,5e-05,,,,,,
14,1.0,FAST,136019.17427884616,0.0001,,,,,,
14,2.0,FAST,95405.78125,9.984740801978984e-05,,,,,,
14,3.0,FAST,68254.12950721153,9.939057285945931e-05,,,,,,
14,4.0,FAST,46720.636418269234,9.863231105968498e-05,,,,,,
14,5.0,FAST,28809.17608173077,9.75772975566101e-05,,,,,,
14,6.0,FAST,16837.78553185096,9.623203685930868e-05,,,,,,
14,7.0,FAST,8023.8981370192305,9.46048229473242e-05,,,,,,
14,8.0,FAST,1609.5514056865986,9.270568813552755e-05,,,,,,
14,9.0,FAST,-3310.1356154221753,9.054634122155989e-05,,,,,,
14,10.0,FAST,-7071.2316331129805,8.814009529720152e-05,,,,,,
14,11.0,FAST,-9896.05615234375,8.550178566873408e-05,,,,,,
14,12.0,FAST,-12174.428185096154,8.264767839234409e-05,,,,,,
14,13.0,FAST,-14145.080904447115,7.959536998847741e-05,,,,,,
14,14.0,FAST,-15991.442307692309,7.636367895343945e-05,,,,,,
14,15.0,FAST,-17871.9638671875,7.297252973710755e-05,,,,,,
14,16.0,FAST,-19711.97716346154,6.944282990207194e-05,,,,,,
14,17.0,FAST,-21815.92247596154,6.57963412215599e-05,,,,,,
14,18.0,FAST,-23654.25751201923,6.205554551086731e-05,,,,,,
14,19.0,FAST,-25233.79462139423,5.824350601949142e-05,,,,,,
14,20.0,FAST,-26569.353966346152,5.438372523852832e-05,,,,,,
14,21.0,FAST,-27810.91766826923,5.0499999999999994e-05,,,,,,
14,22.0,FAST,-29000.577974759617,4.6616274761471674e-05,,,,,,
14,23.0,FAST,-30228.58503605769,4.275649398050858e-05,,,,,,
14,24.0,FAST,-31333.896634615383,3.894445448913268e-05,,,,,,
14,25.0,FAST,-32288.016826923078,3.52036587784401e-05,,,,,,
14,26.0,FAST,-33216.70838341346,3.155717009792805e-05,,,,,,
14,27.0,FAST,-33952.48948317308,2.802747026289243e-05,,,,,,
14,28.0,FAST,-34747.305588942305,2.463632104656053e-05,,,,,,
14,29.0,FAST,-35391.3671875,2.1404630011522583e-05,,,,,,
14,30.0,FAST,-36011.554987980766,1.835232160765591e-05,,,,,,
14,31.0,FAST,-36495.90805288462,1.5498214331265897e-05,,,,,,
14,32.0,FAST,-36871.26682692308,1.2859904702798466e-05,,,,,,
14,33.0,FAST,-37269.829026442305,1.0453658778440104e-05,,,,,,
14,34.0,FAST,-37568.623497596156,8.294311864472434e-06,,,,,,
14,35.0,FAST,-37854.84375,6.395177052675791e-06,,,,,,
14,36.0,FAST,-38043.436598557695,4.767963140691304e-06,,,,,,
14,37.0,FAST,-38111.65114182692,3.4227024433898985e-06,,,,,,
14,38.0,FAST,-38292.788161057695,2.3676889403150093e-06,,,,,,
14,39.0,FAST,-38332.030949519234,1.6094271405406855e-06,,,,,,
0,,,,,leather,1.0,0.9720243167306033,1.0000000000000002,0.18987853640853375,1.0
0,,,,,Task_0_Average,1.0,0.9720243167306033,1.0000000000000002,0.18987853640853375,1.0
-1,,,,,Overall_Average,1.0,0.9720243167306033,1.0000000000000002,0.18987853640853375,1.0
0,,,,,leather,1.0,0.9724584424782661,1.0000000000000002,0.18843905676296469,1.0
1,,,,,grid,0.8663324979114453,0.9146898127409121,0.9502341304256101,0.16371107557711756,1.0
0,,,,,Task_0_Average,1.0,0.9724584424782661,1.0000000000000002,0.18843905676296469,1.0
1,,,,,Task_1_Average,0.8663324979114453,0.9146898127409121,0.9502341304256101,0.16371107557711756,1.0
-1,,,,,Overall_Average,0.9331662489557226,0.943574127609589,0.9751170652128052,0.17607506617004112,1.0
0,,,,,leather,1.0,0.9718623213582164,1.0000000000000002,0.1840245478278917,1.0
1,,,,,grid,0.8629908103592314,0.9174977969529177,0.9499580182003007,0.1712458189137941,1.0
2,,,,,transistor,0.7687499999999999,0.9208065684982081,0.743494537380232,0.5027696597562921,1.0
0,,,,,Task_0_Average,1.0,0.9718623213582164,1.0000000000000002,0.1840245478278917,1.0
1,,,,,Task_1_Average,0.8629908103592314,0.9174977969529177,0.9499580182003007,0.1712458189137941,1.0
2,,,,,Task_2_Average,0.7687499999999999,0.9208065684982081,0.743494537380232,0.5027696597562921,1.0
-1,,,,,Overall_Average,0.8772469367864105,0.9367222289364475,0.8978175185268443,0.2860133421659926,1.0
0,,,,,leather,0.998641304347826,0.9690194973176958,0.9995471014492756,0.17478753227638577,1.0
1,,,,,grid,0.8571428571428571,0.9155351586404422,0.9477794062270237,0.16811227586604152,1.0
2,,,,,transistor,0.7754166666666665,0.9186369973080913,0.7554505002415598,0.5009642242640294,1.0
3,,,,,carpet,0.9751203852327448,0.9632644753399083,0.992881275859311,0.4431027899874135,1.0
0,,,,,Task_0_Average,0.998641304347826,0.9690194973176958,0.9995471014492756,0.17478753227638577,1.0
1,,,,,Task_1_Average,0.8571428571428571,0.9155351586404422,0.9477794062270237,0.16811227586604152,1.0
2,,,,,Task_2_Average,0.7754166666666665,0.9186369973080913,0.7554505002415598,0.5009642242640294,1.0
3,,,,,Task_3_Average,0.9751203852327448,0.9632644753399083,0.992881275859311,0.4431027899874135,1.0
-1,,,,,Overall_Average,0.9015803033475236,0.9416140321515345,0.9239145709442925,0.32174170559846754,1.0
0,,,,,leather,0.9952445652173914,0.9680074900357982,0.9985643970467597,0.16987237575085828,1.0
1,,,,,grid,0.8563074352548037,0.9158083259746117,0.9490849746735586,0.17228287879353593,1.0
2,,,,,transistor,0.7604166666666666,0.9198110876765228,0.7449232600170218,0.5011413699400303,1.0
3,,,,,carpet,0.9727126805778491,0.963273482683116,0.9922281044136971,0.44061942960783873,1.0
4,,,,,zipper,0.9296218487394958,0.8692642916084231,0.9647873371036635,0.23828620243065024,1.0
0,,,,,Task_0_Average,0.9952445652173914,0.9680074900357982,0.9985643970467597,0.16987237575085828,1.0
1,,,,,Task_1_Average,0.8563074352548037,0.9158083259746117,0.9490849746735586,0.17228287879353593,1.0
2,,,,,Task_2_Average,0.7604166666666666,0.9198110876765228,0.7449232600170218,0.5011413699400303,1.0
3,,,,,Task_3_Average,0.9727126805778491,0.963273482683116,0.9922281044136971,0.44061942960783873,1.0
4,,,,,Task_4_Average,0.9296218487394958,0.8692642916084231,0.9647873371036635,0.23828620243065024,1.0
-1,,,,,Overall_Average,0.9028606392912414,0.9272329355956943,0.9299176146509401,0.3044404513045827,1.0
0,,,,,leather,0.9921875,0.9651168964523444,0.9977842171591551,0.15741422499016802,1.0
1,,,,,grid,0.8554720133667502,0.9211749470903519,0.9493579499889737,0.17972034550685032,1.0
2,,,,,transistor,0.7583333333333333,0.9149957500924683,0.7426776996681945,0.48585550189845994,1.0
3,,,,,carpet,0.9707062600321027,0.9626294403999771,0.9917899407703701,0.43224079689907624,1.0
4,,,,,zipper,0.9298844537815126,0.8711727372432554,0.9718528801981277,0.24194057639447722,1.0
5,,,,,hazelnut,0.965,0.9735594808817566,0.9806647736751473,0.460142987610594,1.0
0,,,,,Task_0_Average,0.9921875,0.9651168964523444,0.9977842171591551,0.15741422499016802,1.0
1,,,,,Task_1_Average,0.8554720133667502,0.9211749470903519,0.9493579499889737,0.17972034550685032,1.0
2,,,,,Task_2_Average,0.7583333333333333,0.9149957500924683,0.7426776996681945,0.48585550189845994,1.0
3,,,,,Task_3_Average,0.9707062600321027,0.9626294403999771,0.9917899407703701,0.43224079689907624,1.0
4,,,,,Task_4_Average,0.9298844537815126,0.8711727372432554,0.9718528801981277,0.24194057639447722,1.0
5,,,,,Task_5_Average,0.965,0.9735594808817566,0.9806647736751473,0.460142987610594,1.0
-1,,,,,Overall_Average,0.9119305934189498,0.9347748753600255,0.9390212435766614,0.32621907221660434,1.0
0,,,,,leather,0.9904891304347826,0.9625038814839618,0.9972428910429153,0.15246918990088962,1.0
1,,,,,grid,0.8554720133667502,0.9214771621022217,0.9498822355036527,0.17905976482962843,1.0
2,,,,,transistor,0.7587500000000001,0.9168726216004518,0.7459224097226146,0.48880439924854563,1.0
3,,,,,carpet,0.9719101123595505,0.961762721266053,0.9920866182594985,0.4271066842765661,1.0
4,,,,,zipper,0.934611344537815,0.8726378509372557,0.9731972621736822,0.24029458219691002,1.0
5,,,,,hazelnut,0.965,0.9738105650349169,0.981316622055294,0.47376088486747314,1.0
6,,,,,toothbrush,0.7972222222222223,0.948246457056958,0.9221730258832364,0.1430542758835449,0.9761904761904762
0,,,,,Task_0_Average,0.9904891304347826,0.9625038814839618,0.9972428910429153,0.15246918990088962,1.0
1,,,,,Task_1_Average,0.8554720133667502,0.9214771621022217,0.9498822355036527,0.17905976482962843,1.0
2,,,,,Task_2_Average,0.7587500000000001,0.9168726216004518,0.7459224097226146,0.48880439924854563,1.0
3,,,,,Task_3_Average,0.9719101123595505,0.961762721266053,0.9920866182594985,0.4271066842765661,1.0
4,,,,,Task_4_Average,0.934611344537815,0.8726378509372557,0.9731972621736822,0.24029458219691002,1.0
5,,,,,Task_5_Average,0.965,0.9738105650349169,0.981316622055294,0.47376088486747314,1.0
6,,,,,Task_6_Average,0.7972222222222223,0.948246457056958,0.9221730258832364,0.1430542758835449,0.9761904761904762
-1,,,,,Overall_Average,0.8962078318458744,0.9367587513545456,0.9374030092344133,0.30064996874336536,0.9986149584487535
0,,,,,leather,0.9422554347826086,0.9542306047161284,0.9805525524738685,0.14059558685153156,1.0
1,,,,,grid,0.8471177944862155,0.92003779627542,0.9482463779694132,0.17824421313240182,1.0
2,,,,,transistor,0.7483333333333335,0.9171057956668804,0.7370894046675117,0.4922565587175527,1.0
3,,,,,carpet,0.9662921348314607,0.9595468248825915,0.9905874673567551,0.4137856859043476,1.0
4,,,,,zipper,0.9277836134453782,0.8726981917313434,0.9705327220403734,0.2326082495000855,1.0
5,,,,,hazelnut,0.9657142857142859,0.974706690251812,0.9815884869069573,0.4890883100295019,1.0
6,,,,,toothbrush,0.8222222222222222,0.9493508257568138,0.9353069513447481,0.1449650086836004,0.9761904761904762
7,,,,,metal_nut,0.9428152492668621,0.9741012584061718,0.9864587513867453,0.8279207938176205,1.0
0,,,,,Task_0_Average,0.9422554347826086,0.9542306047161284,0.9805525524738685,0.14059558685153156,1.0
1,,,,,Task_1_Average,0.8471177944862155,0.92003779627542,0.9482463779694132,0.17824421313240182,1.0
2,,,,,Task_2_Average,0.7483333333333335,0.9171057956668804,0.7370894046675117,0.4922565587175527,1.0
3,,,,,Task_3_Average,0.9662921348314607,0.9595468248825915,0.9905874673567551,0.4137856859043476,1.0
4,,,,,Task_4_Average,0.9277836134453782,0.8726981917313434,0.9705327220403734,0.2326082495000855,1.0
5,,,,,Task_5_Average,0.9657142857142859,0.974706690251812,0.9815884869069573,0.4890883100295019,1.0
6,,,,,Task_6_Average,0.8222222222222222,0.9493508257568138,0.9353069513447481,0.1449650086836004,0.9761904761904762
7,,,,,Task_7_Average,0.9428152492668621,0.9741012584061718,0.9864587513867453,0.8279207938176205,1.0
-1,,,,,Overall_Average,0.8953167585102959,0.9402222484608952,0.9412953392682966,0.3649330508295803,0.998805256869773
0,,,,,leather,0.7768342391304348,0.9382585352573016,0.9222064418554897,0.12332463736229184,1.0
1,,,,,grid,0.8345864661654135,0.9175455522774454,0.9433012329915849,0.17439333211666502,1.0
2,,,,,transistor,0.74875,0.9162862624575324,0.7352305852377861,0.4871986468027838,1.0
3,,,,,carpet,0.9506420545746389,0.9546782351088348,0.9862349107876768,0.39068314375606406,1.0
4,,,,,zipper,0.926733193277311,0.8838759518367033,0.969177897933158,0.23743176964167123,1.0
5,,,,,hazelnut,0.9642857142857144,0.975445695990172,0.9812303565494445,0.5149626061172065,1.0
6,,,,,toothbrush,0.8055555555555556,0.9481424392722849,0.9271693250821217,0.14183505483616626,0.9761904761904762
7,,,,,metal_nut,0.9393939393939394,0.9746339925731855,0.9855737096097253,0.833823916963655,1.0
8,,,,,screw,0.4929288788686206,0.8746829671324615,0.7568109722601056,0.031035993967192622,1.0
0,,,,,Task_0_Average,0.7768342391304348,0.9382585352573016,0.9222064418554897,0.12332463736229184,1.0
1,,,,,Task_1_Average,0.8345864661654135,0.9175455522774454,0.9433012329915849,0.17439333211666502,1.0
2,,,,,Task_2_Average,0.74875,0.9162862624575324,0.7352305852377861,0.4871986468027838,1.0
3,,,,,Task_3_Average,0.9506420545746389,0.9546782351088348,0.9862349107876768,0.39068314375606406,1.0
4,,,,,Task_4_Average,0.926733193277311,0.8838759518367033,0.969177897933158,0.23743176964167123,1.0
5,,,,,Task_5_Average,0.9642857142857144,0.975445695990172,0.9812303565494445,0.5149626061172065,1.0
6,,,,,Task_6_Average,0.8055555555555556,0.9481424392722849,0.9271693250821217,0.14183505483616626,0.9761904761904762
7,,,,,Task_7_Average,0.9393939393939394,0.9746339925731855,0.9855737096097253,0.833823916963655,1.0
8,,,,,Task_8_Average,0.4929288788686206,0.8746829671324615,0.7568109722601056,0.031035993967192622,1.0
-1,,,,,Overall_Average,0.8266344490279587,0.9315055146562136,0.911881714700788,0.3260765668404107,0.9989969909729187
0,,,,,leather,0.5451766304347826,0.9005040549475857,0.8319728907066183,0.10192581837744424,1.0
1,,,,,grid,0.8345864661654135,0.9138221457981687,0.9428100148181964,0.1701811536182774,1.0
2,,,,,transistor,0.75125,0.9167886135381624,0.7430821637695944,0.4893007502263124,1.0
3,,,,,carpet,0.9245585874799358,0.9498427724472975,0.9782884602155126,0.3689218311939422,1.0
4,,,,,zipper,0.9285714285714286,0.8891660582849316,0.9702776531953956,0.23485960643188372,1.0
5,,,,,hazelnut,0.9582142857142858,0.9742730447803465,0.9779631713973786,0.5116093333637166,1.0
6,,,,,toothbrush,0.8055555555555556,0.9471409786010426,0.9283648047833486,0.14156121167582653,0.9761904761904762
7,,,,,metal_nut,0.9354838709677419,0.9723264541987875,0.984415320837831,0.8137600203455719,1.0
8,,,,,screw,0.5087108013937283,0.8773196535337887,0.7672375507331266,0.032269752350756076,1.0
9,,,,,wood,0.9798245614035088,0.9008529786531838,0.9939198026245378,0.48101452278909224,1.0
0,,,,,Task_0_Average,0.5451766304347826,0.9005040549475857,0.8319728907066183,0.10192581837744424,1.0
1,,,,,Task_1_Average,0.8345864661654135,0.9138221457981687,0.9428100148181964,0.1701811536182774,1.0
2,,,,,Task_2_Average,0.75125,0.9167886135381624,0.7430821637695944,0.4893007502263124,1.0
3,,,,,Task_3_Average,0.9245585874799358,0.9498427724472975,0.9782884602155126,0.3689218311939422,1.0
4,,,,,Task_4_Average,0.9285714285714286,0.8891660582849316,0.9702776531953956,0.23485960643188372,1.0
5,,,,,Task_5_Average,0.9582142857142858,0.9742730447803465,0.9779631713973786,0.5116093333637166,1.0
6,,,,,Task_6_Average,0.8055555555555556,0.9471409786010426,0.9283648047833486,0.14156121167582653,0.9761904761904762
7,,,,,Task_7_Average,0.9354838709677419,0.9723264541987875,0.984415320837831,0.8137600203455719,1.0
8,,,,,Task_8_Average,0.5087108013937283,0.8773196535337887,0.7672375507331266,0.032269752350756076,1.0
9,,,,,Task_9_Average,0.9798245614035088,0.9008529786531838,0.9939198026245378,0.48101452278909224,1.0
-1,,,,,Overall_Average,0.817193218768638,0.9242036754783294,0.9118331833081539,0.33454040003728236,0.9990706319702602
0,,,,,leather,0.4093070652173913,0.8683206938486301,0.7593791139685199,0.0864033293183454,1.0
1,,,,,grid,0.8320802005012531,0.9082935775742239,0.9419597375339115,0.16316672877928368,1.0
2,,,,,transistor,0.7391666666666666,0.9138449677204633,0.74388386663773,0.49246650233464306,1.0
3,,,,,carpet,0.9004815409309791,0.9445147838028134,0.9710364440392603,0.3492905567044796,1.0
4,,,,,zipper,0.9267331932773109,0.896921295673983,0.9654950639391996,0.24115281673099975,1.0
5,,,,,hazelnut,0.9439285714285715,0.9722368885491012,0.9668698690785611,0.48146402005720046,1.0
6,,,,,toothbrush,0.8055555555555556,0.9465414970862038,0.9292773425379917,0.14091055964130747,0.9761904761904762
7,,,,,metal_nut,0.9335288367546432,0.9711262322053893,0.9839947762256946,0.8033810702511526,1.0
8,,,,,screw,0.5058413609346177,0.869783320489083,0.7655760228059272,0.03130286042133628,1.0
9,,,,,wood,0.9798245614035088,0.9014038695293207,0.9939198026245378,0.4793456115924169,1.0
10,,,,,tile,0.9992784992784993,0.8749660405988491,0.9997231450719821,0.30891277507977977,1.0
0,,,,,Task_0_Average,0.4093070652173913,0.8683206938486301,0.7593791139685199,0.0864033293183454,1.0
1,,,,,Task_1_Average,0.8320802005012531,0.9082935775742239,0.9419597375339115,0.16316672877928368,1.0
2,,,,,Task_2_Average,0.7391666666666666,0.9138449677204633,0.74388386663773,0.49246650233464306,1.0
3,,,,,Task_3_Average,0.9004815409309791,0.9445147838028134,0.9710364440392603,0.3492905567044796,1.0
4,,,,,Task_4_Average,0.9267331932773109,0.896921295673983,0.9654950639391996,0.24115281673099975,1.0
5,,,,,Task_5_Average,0.9439285714285715,0.9722368885491012,0.9668698690785611,0.48146402005720046,1.0
6,,,,,Task_6_Average,0.8055555555555556,0.9465414970862038,0.9292773425379917,0.14091055964130747,0.9761904761904762
7,,,,,Task_7_Average,0.9335288367546432,0.9711262322053893,0.9839947762256946,0.8033810702511526,1.0
8,,,,,Task_8_Average,0.5058413609346177,0.869783320489083,0.7655760228059272,0.03130286042133628,1.0
9,,,,,Task_9_Average,0.9798245614035088,0.9014038695293207,0.9939198026245378,0.4793456115924169,1.0
10,,,,,Task_10_Average,0.9992784992784993,0.8749660405988491,0.9997231450719821,0.30891277507977977,1.0
-1,,,,,Overall_Average,0.8159750956317271,0.915268469734369,0.9110104713148469,0.3252542573555405,0.9991617770326907
0,,,,,leather,0.22894021739130435,0.8118377309214085,0.656057324244673,0.05915031289662909,1.0
1,,,,,grid,0.8220551378446115,0.9013326139619023,0.9389332076200296,0.15540666369029002,1.0
2,,,,,transistor,0.7295833333333334,0.9124239696131541,0.7357037747160383,0.4859054483704798,1.0
3,,,,,carpet,0.8784109149277688,0.9371814695997961,0.9643919587791039,0.3291250728893418,1.0
4,,,,,zipper,0.9235819327731092,0.9134553996638106,0.9622859602409002,0.26642402064676823,1.0
5,,,,,hazelnut,0.9475,0.9726357483533835,0.9681615788106686,0.4900008397924941,1.0
6,,,,,toothbrush,0.7972222222222223,0.9474653136663153,0.9265721124699566,0.14264220868531743,0.9761904761904762
7,,,,,metal_nut,0.9315738025415445,0.9698704893835716,0.983590049096644,0.7926845727515153,1.0
8,,,,,screw,0.4968231194916991,0.8719959605468296,0.761283877662113,0.03157991537439796,1.0
9,,,,,wood,0.9798245614035088,0.901943612664375,0.9939273358027984,0.4723677001759978,1.0
10,,,,,tile,0.9992784992784993,0.8759712594747503,0.9997231450719821,0.3178815402769908,1.0
11,,,,,capsule,0.693657758276825,0.9520935703185054,0.9149360532702387,0.1911299860259209,1.0
0,,,,,Task_0_Average,0.22894021739130435,0.8118377309214085,0.656057324244673,0.05915031289662909,1.0
1,,,,,Task_1_Average,0.8220551378446115,0.9013326139619023,0.9389332076200296,0.15540666369029002,1.0
2,,,,,Task_2_Average,0.7295833333333334,0.9124239696131541,0.7357037747160383,0.4859054483704798,1.0
3,,,,,Task_3_Average,0.8784109149277688,0.9371814695997961,0.9643919587791039,0.3291250728893418,1.0
4,,,,,Task_4_Average,0.9235819327731092,0.9134553996638106,0.9622859602409002,0.26642402064676823,1.0
5,,,,,Task_5_Average,0.9475,0.9726357483533835,0.9681615788106686,0.4900008397924941,1.0
6,,,,,Task_6_Average,0.7972222222222223,0.9474653136663153,0.9265721124699566,0.14264220868531743,0.9761904761904762
7,,,,,Task_7_Average,0.9315738025415445,0.9698704893835716,0.983590049096644,0.7926845727515153,1.0
8,,,,,Task_8_Average,0.4968231194916991,0.8719959605468296,0.761283877662113,0.03157991537439796,1.0
9,,,,,Task_9_Average,0.9798245614035088,0.901943612664375,0.9939273358027984,0.4723677001759978,1.0
10,,,,,Task_10_Average,0.9992784992784993,0.8759712594747503,0.9997231450719821,0.3178815402769908,1.0
11,,,,,Task_11_Average,0.693657758276825,0.9520935703185054,0.9149360532702387,0.1911299860259209,1.0
-1,,,,,Overall_Average,0.7857042916237021,0.9140172615139835,0.900463864815429,0.3111915234646786,0.999245283018868
0,,,,,leather,0.10563858695652174,0.7266242871131363,0.574562667600268,0.025344422782341967,1.0
1,,,,,grid,0.7894736842105263,0.8969103266945135,0.9284800543884177,0.14986833610871225,1.0
2,,,,,transistor,0.7383333333333333,0.902917639620507,0.7444286679866413,0.4505358505018853,1.0
3,,,,,carpet,0.8475120385232745,0.9279573717500432,0.9548562372162043,0.3063605478282042,1.0
4,,,,,zipper,0.8986344537815126,0.9188616481821494,0.9526241347144639,0.2756562635727475,1.0
5,,,,,hazelnut,0.9385714285714286,0.9711121734502015,0.9645187690700843,0.48828511578086653,1.0
6,,,,,toothbrush,0.7861111111111111,0.9475349702308631,0.9236544400400891,0.14167611953966558,0.9761904761904762
7,,,,,metal_nut,0.9408602150537635,0.970402845460463,0.9864428973514946,0.8047724316896347,1.0
8,,,,,screw,0.47427751588440253,0.8709752257475788,0.7544011539110508,0.03142055716410675,1.0
9,,,,,wood,0.9763157894736842,0.9013169187328958,0.9930427875696587,0.46215079812968074,1.0
10,,,,,tile,0.9996392496392497,0.8716380232741248,0.9998599439775908,0.30812060701733146,1.0
11,,,,,capsule,0.710410849621061,0.9533634899307551,0.9194925418678372,0.19766930620794848,1.0
12,,,,,pill,0.8109656301145661,0.9556676131445909,0.9611944937138344,0.3532155167464029,0.9880239520958084
0,,,,,Task_0_Average,0.10563858695652174,0.7266242871131363,0.574562667600268,0.025344422782341967,1.0
1,,,,,Task_1_Average,0.7894736842105263,0.8969103266945135,0.9284800543884177,0.14986833610871225,1.0
2,,,,,Task_2_Average,0.7383333333333333,0.902917639620507,0.7444286679866413,0.4505358505018853,1.0
3,,,,,Task_3_Average,0.8475120385232745,0.9279573717500432,0.9548562372162043,0.3063605478282042,1.0
4,,,,,Task_4_Average,0.8986344537815126,0.9188616481821494,0.9526241347144639,0.2756562635727475,1.0
5,,,,,Task_5_Average,0.9385714285714286,0.9711121734502015,0.9645187690700843,0.48828511578086653,1.0
6,,,,,Task_6_Average,0.7861111111111111,0.9475349702308631,0.9236544400400891,0.14167611953966558,0.9761904761904762
7,,,,,Task_7_Average,0.9408602150537635,0.970402845460463,0.9864428973514946,0.8047724316896347,1.0
8,,,,,Task_8_Average,0.47427751588440253,0.8709752257475788,0.7544011539110508,0.03142055716410675,1.0
9,,,,,Task_9_Average,0.9763157894736842,0.9013169187328958,0.9930427875696587,0.46215079812968074,1.0
10,,,,,Task_10_Average,0.9996392496392497,0.8716380232741248,0.9998599439775908,0.30812060701733146,1.0
11,,,,,Task_11_Average,0.710410849621061,0.9533634899307551,0.9194925418678372,0.19766930620794848,1.0
12,,,,,Task_12_Average,0.8109656301145661,0.9556676131445909,0.9611944937138344,0.3532155167464029,0.9880239520958084
-1,,,,,Overall_Average,0.7705187604826489,0.908867887179371,0.8967352914928951,0.30731352869765605,0.9979892761394102
0,,,,,leather,0.06521739130434782,0.6641181694528935,0.5466609360234227,0.015961615025166798,1.0
1,,,,,grid,0.7786131996658312,0.8720690961699935,0.9230381067724056,0.1275496805988794,1.0
2,,,,,transistor,0.7266666666666667,0.8988260433355872,0.7364980131484847,0.4402081063254533,1.0
3,,,,,carpet,0.8142054574638845,0.9100151495781318,0.944164057016601,0.27444649501754304,1.0
4,,,,,zipper,0.8251050420168067,0.9164259753583671,0.9331908165575131,0.2677611004693688,1.0
5,,,,,hazelnut,0.9246428571428571,0.967699767335659,0.9561309867514118,0.4706868175322675,1.0
6,,,,,toothbrush,0.8055555555555556,0.9482476600987612,0.9293918223061908,0.14331874833966082,0.9761904761904762
7,,,,,metal_nut,0.9379276637341154,0.966746894520973,0.9853229972692176,0.7784263800113003,1.0
8,,,,,screw,0.43615494978479197,0.8643609174594945,0.746483846770752,0.02877712153335159,1.0
9,,,,,wood,0.9771929824561404,0.9001971379427973,0.9931875124810078,0.4444456449381964,1.0
10,,,,,tile,0.9996392496392497,0.8725090655087009,0.9998599439775908,0.31961982989718013,1.0
11,,,,,capsule,0.7084164339848426,0.9527597961717948,0.9206648279234805,0.19173068119308537,1.0
12,,,,,pill,0.7956901254773595,0.9549654782510005,0.9576080730193013,0.35342198693051974,0.9880239520958084
13,,,,,cable,0.8122188905547225,0.9094878393006561,0.8876870991296483,0.43109677697500337,1.0
0,,,,,Task_0_Average,0.06521739130434782,0.6641181694528935,0.5466609360234227,0.015961615025166798,1.0
1,,,,,Task_1_Average,0.7786131996658312,0.8720690961699935,0.9230381067724056,0.1275496805988794,1.0
2,,,,,Task_2_Average,0.7266666666666667,0.8988260433355872,0.7364980131484847,0.4402081063254533,1.0
3,,,,,Task_3_Average,0.8142054574638845,0.9100151495781318,0.944164057016601,0.27444649501754304,1.0
4,,,,,Task_4_Average,0.8251050420168067,0.9164259753583671,0.9331908165575131,0.2677611004693688,1.0
5,,,,,Task_5_Average,0.9246428571428571,0.967699767335659,0.9561309867514118,0.4706868175322675,1.0
6,,,,,Task_6_Average,0.8055555555555556,0.9482476600987612,0.9293918223061908,0.14331874833966082,0.9761904761904762
7,,,,,Task_7_Average,0.9379276637341154,0.966746894520973,0.9853229972692176,0.7784263800113003,1.0
8,,,,,Task_8_Average,0.43615494978479197,0.8643609174594945,0.746483846770752,0.02877712153335159,1.0
9,,,,,Task_9_Average,0.9771929824561404,0.9001971379427973,0.9931875124810078,0.4444456449381964,1.0
10,,,,,Task_10_Average,0.9996392496392497,0.8725090655087009,0.9998599439775908,0.31961982989718013,1.0
11,,,,,Task_11_Average,0.7084164339848426,0.9527597961717948,0.9206648279234805,0.19173068119308537,1.0
12,,,,,Task_12_Average,0.7956901254773595,0.9549654782510005,0.9576080730193013,0.35342198693051974,0.9880239520958084
13,,,,,Task_13_Average,0.8122188905547225,0.9094878393006561,0.8876870991296483,0.43109677697500337,1.0
-1,,,,,Overall_Average,0.757660461817655,0.8998877850346295,0.8899920742247877,0.3062464989133554,0.9981729598051157
0,,,,,leather,0.07065217391304347,0.6610533491174284,0.5507503254818443,0.016405420594317443,1.0
1,,,,,grid,0.7919799498746867,0.8663363334227437,0.9260900694425358,0.11887855052300786,1.0
2,,,,,transistor,0.6941666666666668,0.8905632545816106,0.7014637477717378,0.4276075871382213,1.0
3,,,,,carpet,0.8089887640449437,0.9002668862415295,0.9411490901349664,0.2579513993651007,1.0
4,,,,,zipper,0.8337710084033614,0.9142552945405112,0.934656742792959,0.25912680824817275,1.0
5,,,,,hazelnut,0.91,0.9672065038321986,0.946561196084581,0.462204099603804,1.0
6,,,,,toothbrush,0.7944444444444444,0.9480074919130056,0.9250166450143469,0.1431870228927871,0.9761904761904762
7,,,,,metal_nut,0.9374389051808407,0.9669834296572718,0.9852513212482823,0.7788663408661088,1.0
8,,,,,screw,0.4455831112932978,0.8548648580381965,0.7536085108050761,0.026991429894145567,1.0
9,,,,,wood,0.9789473684210526,0.8983425884561245,0.9937198203059782,0.4423998285764616,1.0
10,,,,,tile,0.9996392496392497,0.8691179671671423,0.9998599439775908,0.31152079231046514,1.0
11,,,,,capsule,0.6980454726765057,0.9519130762031107,0.918861187754504,0.1841156084685063,1.0
12,,,,,pill,0.795417348608838,0.9540976836898049,0.9570652841290649,0.3482399330775006,0.9880239520958084
13,,,,,cable,0.8161544227886056,0.9098780562038477,0.8907496141354114,0.433425999297128,1.0
14,,,,,bottle,0.9984126984126984,0.96006545140098,0.999500031494079,0.5303296586061806,1.0
0,,,,,Task_0_Average,0.07065217391304347,0.6610533491174284,0.5507503254818443,0.016405420594317443,1.0
1,,,,,Task_1_Average,0.7919799498746867,0.8663363334227437,0.9260900694425358,0.11887855052300786,1.0
2,,,,,Task_2_Average,0.6941666666666668,0.8905632545816106,0.7014637477717378,0.4276075871382213,1.0
3,,,,,Task_3_Average,0.8089887640449437,0.9002668862415295,0.9411490901349664,0.2579513993651007,1.0
4,,,,,Task_4_Average,0.8337710084033614,0.9142552945405112,0.934656742792959,0.25912680824817275,1.0
5,,,,,Task_5_Average,0.91,0.9672065038321986,0.946561196084581,0.462204099603804,1.0
6,,,,,Task_6_Average,0.7944444444444444,0.9480074919130056,0.9250166450143469,0.1431870228927871,0.9761904761904762
7,,,,,Task_7_Average,0.9374389051808407,0.9669834296572718,0.9852513212482823,0.7788663408661088,1.0
8,,,,,Task_8_Average,0.4455831112932978,0.8548648580381965,0.7536085108050761,0.026991429894145567,1.0
9,,,,,Task_9_Average,0.9789473684210526,0.8983425884561245,0.9937198203059782,0.4423998285764616,1.0
10,,,,,Task_10_Average,0.9996392496392497,0.8691179671671423,0.9998599439775908,0.31152079231046514,1.0
11,,,,,Task_11_Average,0.6980454726765057,0.9519130762031107,0.918861187754504,0.1841156084685063,1.0
12,,,,,Task_12_Average,0.795417348608838,0.9540976836898049,0.9570652841290649,0.3482399330775006,0.9880239520958084
13,,,,,Task_13_Average,0.8161544227886056,0.9098780562038477,0.8907496141354114,0.433425999297128,1.0
14,,,,,Task_14_Average,0.9984126984126984,0.96006545140098,0.999500031494079,0.5303296586061806,1.0
-1,,,,,Overall_Average,0.771576105624549,0.9008634816310337,0.8949535687048638,0.3160833652974605,0.9982608695652174
